"Protein","Label","log2FC","SE","DF","pvalue","adj.pvalue","issue"
"P00533_S1039_S1042","t0 vs t1",-0.32003632837107,0.149943118877325,9,0.0615809510693193,0.280245896469974,NA
"P00533_S1064","t0 vs t1",0.356653113576368,0.0891534693290476,9,0.00310836383475933,0.0686359841548604,NA
"P00533_S991_S995","t0 vs t1",-0.122903662291889,0.10858297785538,9,0.286937654558352,0.579073736150236,NA
"P00533_T693","t0 vs t1",-0.0233443995453799,0.177244588005518,9,0.898113182376962,0.96083633837953,NA
"P00533_T693_S695","t0 vs t1",-0.165995656836019,0.150007538230776,9,0.297173768898177,0.588091082037082,NA
"P00533_Y1110","t0 vs t1",0.210632429258209,0.0927903082311584,9,0.0493644341170289,0.252589138618561,NA
"P28482_T185","t0 vs t1",0.634378738770068,0.182300631518675,9,0.00694020442220732,0.0999180588053667,NA
"P28482_T185_T190","t0 vs t1",0.890196707480898,0.165905887251245,9,0.000452927502292055,0.025493055208194,NA
"P28482_T185_Y187","t0 vs t1",0.77570963567424,0.200315650539845,9,0.0037747061619258,0.0748119597579435,NA
"P28482_Y187","t0 vs t1",1.13798944558515,0.182042606245047,9,0.000149415500661671,0.0138506354758592,NA
"P28482_Y187_T190","t0 vs t1",0.0839586116733722,0.114930246570557,9,0.483655330294773,0.739194565873987,NA
"Q13480_S266","t0 vs t1",0.147775796440306,0.106174162166453,9,0.19741006608831,0.483926492931687,NA
"Q13480_S418_S419","t0 vs t1",0.281122057791004,0.146958322587612,9,0.0880466739278739,0.328235537559088,NA
"Q13480_S419","t0 vs t1",0.320048191455162,0.114579108916761,9,0.0209422984694783,0.166454473266352,NA
"Q13480_S500_T503","t0 vs t1",-0.450413295801827,0.0980746173074297,9,0.00130426958782228,0.0449838460341635,NA
"Q13480_S634_S637","t0 vs t1",-0.616943295142088,0.129109930148088,9,0.00100346794179792,0.0394342642255919,NA
"Q13480_S650_S651_Y659","t0 vs t1",1.42523331569634,0.173080560297211,9,1.75594329256568e-05,0.00503640093293397,NA
"Q13480_S651_Y659","t0 vs t1",1.34708073620391,0.292405749303692,9,0.00127794033828973,0.0447363035684408,NA
"Q13480_T387_S389","t0 vs t1",-0.494395484918809,0.116320309251806,9,0.0021415442309728,0.0576989604963562,NA
"Q13480_Y265_S266","t0 vs t1",0.438767055281507,0.111182087237631,9,0.00337315512046587,0.0713587661347963,NA
"Q13480_Y627_T638","t0 vs t1",2.58471343768464,0.276077760810949,9,6.17542514318978e-06,0.0032951498209992,NA
"Q13480_Y659","t0 vs t1",2.93366028129369,0.180356840960513,9,5.57098141249871e-08,0.000346487188950357,NA
