Analyte,Label,log2FC,SE,Tvalue,DF,pvalue,adj.pvalue,issue,MissingPercentage,ImputationPercentage
"1,7-bis(4-hydroxyphenyl)-5-[(2R,3R,4S,5S,6R)-3,4,5-trihydroxy-6-(hydroxymethyl)oxan-2-yl]oxyheptan-3-one",480m vs 0m,Inf,,,,,0,oneConditionMissing,0.928571428571429,0
19-Hydroxy-PGF,480m vs 0m,-Inf,,,,,0,oneConditionMissing,0.928571428571429,0
2-[(2-carboxyethyl)amino]propanoic acid,480m vs 0m,-Inf,,,,,0,oneConditionMissing,0.928571428571429,0
"2-Hexaprenyl-6-Methoxy-3-Methyl-1,4-Benzoquinone",480m vs 0m,Inf,,,,,0,oneConditionMissing,0.928571428571429,0
253.6432_4.32,480m vs 0m,1.99857961293881,0.425802720944175,4.69367506273131,30,5.52574284200524e-05,0.0045832967017299,,0,0
330.2274_2.75,480m vs 0m,3.51312938499789,0.619435960628615,5.67149731092896,29,3.93614568738876e-06,0.000391777700751428,,0,0
alpha-Guaiaconic acid,480m vs 0m,-Inf,,,,,0,oneConditionMissing,,
Batzelladine J,480m vs 0m,Inf,,,,,0,oneConditionMissing,0.928571428571429,0
BT-HUMAN-Step2: Diphenhydramine [CARBONYL_REDUCTION],480m vs 0m,7.528640645351,0.557409885766048,13.5064713375228,29,4.86277684785819e-14,1.03716083340747e-11,,0.0714285714285714,0
Dexpanthenol,480m vs 0m,-Inf,,,,,0,oneConditionMissing,0.928571428571429,0
DIP_p_272.1644_16.5,480m vs 0m,4.52196270078561,0.260522044070754,17.3573131475873,28,0,0,,0.142857142857143,0
Diphenhydramine,480m vs 0m,5.4191447453676,0.35613435924245,15.2165737585526,30,1.33226762955019e-15,3.97815114183686e-13,,0,0
Fluorene,480m vs 0m,6.36344873479827,0.343045795959169,18.5498519724045,30,0,0,,0,0
Galabiose,480m vs 0m,Inf,,,,,0,oneConditionMissing,0.928571428571429,0
GLYCOCHENODEOXYCHOLIC ACID,480m vs 0m,1.70454879541452,0.365662383568891,4.66153717748597,30,6.04857613748511e-05,0.0047529074596133,,0.333333333333333,0
Glycocholic acid,480m vs 0m,1.74664567380091,0.384873648956016,4.53823138720656,30,8.55184634098727e-05,0.00607995551766381,,0,0
melibiose,480m vs 0m,Inf,,,,,0,oneConditionMissing,0.714285714285714,0
N-(2-Hydroxyethyl)octanamide,480m vs 0m,-Inf,,,,,0,oneConditionMissing,0.928571428571429,0
N-desmethyl-diphenhydramine,480m vs 0m,6.45408627944972,0.444299601634637,14.5264282382975,27,2.79776202205539e-14,6.96176449821451e-12,,0.214285714285714,0
N-lactoyl-phenylalanine,480m vs 0m,2.30637805998579,0.25845580290077,8.92368456850352,30,6.0527982626013e-10,1.12960347575797e-07,,0,0
N-Lauroylethanolamine,480m vs 0m,Inf,,,,,0,oneConditionMissing,0.928571428571429,0
Ryanodanol,480m vs 0m,-Inf,,,,,0,oneConditionMissing,0.928571428571429,0
talaromycin a,480m vs 0m,Inf,,,,,0,oneConditionMissing,0.928571428571429,0
TAUROCHENODEOXYCHOLIC ACID,480m vs 0m,3.41868983068597,0.583791051666755,5.85601615668043,27,3.09446175172923e-06,0.000372094375181962,,0.0714285714285714,0
Trienediol,480m vs 0m,Inf,,,,,0,oneConditionMissing,0.928571428571429,0
